{
  "accuracy": 0.9788166880607605,
  "loss": 0.0710085928440094,
  "val_accuracy": 0.9688000082969666,
  "val_loss": 0.09764040261507034,
  "epoch": 9,
  "global_step": 50000
}